1890706-1891428_4,XP_080095090.1,99.585,241,1,0,1,241,1,241,3.33e-179,502,100.00
1890706-1891428_4,XP_032894526.1,96.311,244,6,1,1,241,1,244,5.22e-173,487,97.13
1890706-1891428_4,XP_055505115.1,95.492,244,8,1,1,241,1,244,5.41e-172,484,97.13
1890706-1891428_4,XP_078270974.1,94.239,243,11,2,1,241,9,250,2.58e-166,470,94.65
1890706-1891428_4,XP_078270975.1,94.239,243,11,2,1,241,1,242,3.30e-166,469,94.65
1890706-1891428_4,XP_041053980.1,80.392,255,32,4,1,241,1,251,2.31e-139,402,82.75
1890706-1891428_4,XP_048463019.1,83.004,253,30,4,1,241,9,260,1.37e-138,400,86.17
1890706-1891428_4,XP_048463021.1,83.004,253,30,4,1,241,1,252,2.03e-138,400,86.17
1890706-1891428_4,GCB65005.1,81.176,255,32,4,1,241,32,284,1.07e-137,399,83.53
1890706-1891428_4,XP_038664236.1,80.709,254,34,4,1,241,9,260,3.86e-137,397,83.46
1890706-1891428_4,XP_038664235.1,80.709,254,34,4,1,241,15,266,3.97e-137,397,83.46
1890706-1891428_4,XP_038664237.1,80.709,254,34,4,1,241,1,252,4.81e-137,396,83.46
1890706-1891428_4,XP_067903009.1,84.314,255,24,4,1,241,1,253,1.18e-136,395,86.27
1890706-1891428_4,XP_048401100.1,82.213,253,32,4,1,241,12,263,1.60e-136,395,84.58
1890706-1891428_4,XP_048401101.1,82.213,253,32,4,1,241,9,260,1.85e-136,395,84.58
1890706-1891428_4,XP_067903008.1,84.314,255,24,4,1,241,18,270,1.94e-136,395,86.27
1890706-1891428_4,XP_048401105.1,82.213,253,32,4,1,241,1,252,2.49e-136,394,84.58
1890706-1891428_4,XP_048401099.1,82.213,253,32,4,1,241,15,266,2.70e-136,395,84.58
1890706-1891428_4,XP_041053979.1,78.030,264,34,4,1,241,1,263,9.87e-136,393,79.92
1890706-1891428_4,XP_078404024.1,79.389,262,32,5,1,241,1,261,1.68e-135,392,81.30
1890706-1891428_4,XP_069770817.1,84.800,250,26,3,1,241,1,247,1.78e-134,389,87.20
1890706-1891428_4,XP_062919219.1,84.861,251,28,3,1,241,1,251,7.33e-134,388,85.66
1890706-1891428_4,XP_062919218.1,84.861,251,28,3,1,241,9,259,7.40e-134,388,85.66
1890706-1891428_4,XP_059831984.1,83.730,252,30,3,1,241,1,252,1.23e-133,387,84.92
1890706-1891428_4,XP_072903823.1,84.462,251,29,3,1,241,1,251,1.70e-133,387,85.66
1890706-1891428_4,XP_062919217.1,84.861,251,28,3,1,241,31,281,1.84e-133,388,85.66
1890706-1891428_4,XP_085864616.1,82.745,255,28,4,1,241,1,253,1.85e-133,387,84.31
1890706-1891428_4,XP_072903822.1,84.462,251,29,3,1,241,9,259,1.96e-133,387,85.66
1890706-1891428_4,XP_067849630.1,83.594,256,23,5,1,241,1,252,1.41e-131,382,85.16
1890706-1891428_4,XP_072448810.1,82.400,250,35,2,1,241,15,264,3.82e-131,382,84.80
1890706-1891428_4,XP_060694582.1,81.600,250,37,2,1,241,9,258,4.07e-131,381,85.20
1890706-1891428_4,XP_072448813.1,82.400,250,35,2,1,241,1,250,4.12e-131,381,84.80
1890706-1891428_4,XP_072448811.1,82.400,250,35,2,1,241,9,258,4.59e-131,381,84.80
1890706-1891428_4,XP_060694583.1,81.600,250,37,2,1,241,1,250,5.66e-131,380,85.20
1890706-1891428_4,XP_043561376.1,83.200,250,33,2,1,241,13,262,7.10e-131,381,85.60
1890706-1891428_4,XP_043561375.1,83.200,250,33,2,1,241,15,264,7.54e-131,381,85.60
1890706-1891428_4,XP_043561377.1,83.200,250,33,2,1,241,9,258,9.05e-131,380,85.60
1890706-1891428_4,XP_043561380.1,83.200,250,33,2,1,241,1,250,1.15e-130,380,85.60
1890706-1891428_4,XP_070754736.1,81.467,259,29,4,1,241,1,258,2.83e-130,379,83.78
1890706-1891428_4,XP_051885314.1,84.462,251,29,3,1,241,1,251,3.10e-130,379,86.85
1890706-1891428_4,XP_051885313.1,84.462,251,29,3,1,241,31,281,6.43e-130,379,86.85
1890706-1891428_4,XP_007885858.1,77.358,265,31,6,1,241,9,268,1.61e-123,362,80.75
1890706-1891428_4,XP_007885859.1,77.358,265,31,6,1,241,1,260,1.69e-123,362,80.75
1890706-1891428_4,XP_078077448.1,81.890,254,28,4,1,241,1,249,3.21e-122,358,84.25
1890706-1891428_4,XP_080047657.1,82.114,246,31,3,1,241,1,238,3.73e-122,358,85.37
1890706-1891428_4,XP_080047658.1,79.921,254,34,3,1,241,1,250,3.37e-119,351,83.07
1890706-1891428_4,KAN7813805.1,78.906,256,35,3,1,241,1,252,1.36e-118,349,82.42
1890706-1891428_4,MIS9335987.1,89.796,196,16,2,1,193,1,195,9.53e-118,346,90.82
1890706-1891428_4,AEY99605.1,84.234,222,25,2,25,237,6,226,2.75e-115,340,86.04
1890706-1891428_4,XP_043915601.1,73.307,251,52,5,1,241,1,246,1.59e-113,336,81.67
1890706-1891428_4,XP_043915600.1,73.307,251,52,5,1,241,9,254,1.71e-113,337,81.67
1890706-1891428_4,XP_014446789.1,72.908,251,54,6,1,241,1,247,3.79e-113,335,82.07
1890706-1891428_4,XP_008582404.1,72.908,251,54,6,1,241,1,247,4.62e-113,335,82.07
1890706-1891428_4,XP_008582396.1,72.908,251,54,6,1,241,9,255,5.06e-113,335,82.07
1890706-1891428_4,XP_044114928.1,72.908,251,54,6,1,241,1,247,6.55e-113,335,81.67
1890706-1891428_4,XP_044114927.1,72.908,251,54,6,1,241,9,255,7.75e-113,335,81.67
1890706-1891428_4,XP_059262702.1,72.908,251,54,6,1,241,1,247,9.30e-113,335,81.67
1890706-1891428_4,XP_058519229.1,72.908,251,54,6,1,241,1,247,9.61e-113,334,81.27
1890706-1891428_4,XP_012505013.1,72.908,251,54,6,1,241,9,255,9.65e-113,335,81.67
1890706-1891428_4,XP_082538813.1,72.908,251,54,6,1,241,9,255,9.75e-113,335,81.67
1890706-1891428_4,XP_012505014.1,72.908,251,54,6,1,241,1,247,1.03e-112,334,81.67
1890706-1891428_4,KAM8813343.1,72.908,251,54,6,1,241,1,247,1.04e-112,334,81.67
1890706-1891428_4,XP_008048918.1,73.705,251,52,6,1,241,1,247,1.10e-112,334,80.88
1890706-1891428_4,XP_045870313.1,72.908,251,54,6,1,241,9,255,1.15e-112,335,81.67
1890706-1891428_4,XP_049746724.1,72.908,251,54,6,1,241,1,247,1.16e-112,334,81.67
1890706-1891428_4,XP_045870315.1,72.908,251,54,6,1,241,1,247,1.17e-112,334,81.67
1890706-1891428_4,XP_004585497.2,72.908,251,54,6,1,241,9,255,1.27e-112,334,81.67
1890706-1891428_4,XP_077617546.1,72.908,251,54,6,1,241,1,247,1.44e-112,334,81.67
1890706-1891428_4,XP_034868368.1,72.510,251,55,6,1,241,1,247,1.46e-112,334,82.07
1890706-1891428_4,XP_062052360.1,72.510,251,55,6,1,241,1,247,1.75e-112,334,82.07
1890706-1891428_4,XP_006908050.1,72.908,251,54,6,1,241,9,255,1.90e-112,334,81.67
1890706-1891428_4,XP_006908051.1,72.908,251,54,6,1,241,1,247,1.92e-112,333,81.67
1890706-1891428_4,XP_045664547.2,72.510,251,55,6,1,241,1,247,1.98e-112,333,82.07
1890706-1891428_4,XP_006864914.1,72.510,251,55,6,1,241,1,247,2.05e-112,333,81.67
1890706-1891428_4,XP_032022264.1,72.908,251,54,6,1,241,1,247,2.16e-112,333,81.27
1890706-1891428_4,XP_008685102.2,72.510,251,55,6,1,241,1,247,2.46e-112,333,82.07
1890706-1891428_4,XP_006864913.1,72.510,251,55,6,1,241,9,255,2.64e-112,333,81.67
1890706-1891428_4,XP_023612143.1,72.908,251,54,6,1,241,1,247,3.38e-112,333,81.27
1890706-1891428_4,O18752.1,72.510,251,55,6,1,241,1,247,3.58e-112,333,82.07
1890706-1891428_4,XP_023612142.1,72.908,251,54,6,1,241,9,255,3.96e-112,333,81.27
1890706-1891428_4,XP_027433608.1,72.510,251,55,6,1,241,9,255,4.18e-112,333,81.67
1890706-1891428_4,XP_021541555.1,72.510,251,55,6,1,241,1,247,4.31e-112,333,81.67
1890706-1891428_4,XP_025315601.1,72.510,251,55,6,1,241,9,255,4.32e-112,333,81.67
1890706-1891428_4,XP_006883776.1,72.510,251,55,6,1,241,1,247,4.35e-112,333,81.67
1890706-1891428_4,NP_001002975.1,72.510,251,55,6,1,241,1,247,4.50e-112,333,81.67
1890706-1891428_4,XP_054997902.1,72.510,251,55,6,1,241,1,247,4.50e-112,333,81.67
1890706-1891428_4,XP_006883775.1,72.510,251,55,6,1,241,9,255,4.67e-112,333,81.67
1890706-1891428_4,XP_006754012.1,72.510,251,55,6,1,241,1,247,4.75e-112,333,81.27
1890706-1891428_4,KAM4848352.1,72.510,251,55,6,1,241,1,247,5.13e-112,333,81.67
1890706-1891428_4,KAN7992241.1,72.510,251,55,6,1,241,9,255,5.44e-112,333,81.67
1890706-1891428_4,XP_047549316.1,72.510,251,55,6,1,241,1,247,5.72e-112,332,81.27
1890706-1891428_4,XP_006754011.1,72.510,251,55,6,1,241,9,255,5.87e-112,333,81.27
1890706-1891428_4,KAN7992242.1,72.510,251,55,6,1,241,1,247,5.92e-112,332,81.67
1890706-1891428_4,XP_015331954.1,72.510,251,55,6,1,241,1,247,6.05e-112,332,81.67
1890706-1891428_4,XP_012505012.1,72.908,251,54,6,1,241,30,276,6.08e-112,333,81.67
1890706-1891428_4,XP_005328107.1,72.510,251,55,6,1,241,1,247,6.18e-112,332,81.67
1890706-1891428_4,ELK37557.1,72.510,251,55,6,1,241,8,254,6.33e-112,333,81.27
1890706-1891428_4,XP_005328106.1,72.510,251,55,6,1,241,9,255,6.48e-112,333,81.67
1890706-1891428_4,XP_054997901.1,72.510,251,55,6,1,241,9,255,6.48e-112,333,81.67
1890706-1891428_4,XP_036181585.1,72.908,251,54,6,1,241,12,258,6.58e-112,333,81.27


