122450059-122450808_1,XP_080047658.1,100.000,250,0,0,1,250,1,250,0.0,514,100.00
122450059-122450808_1,KAN7813805.1,98.413,252,2,1,1,250,1,252,1.65e-180,506,98.81
122450059-122450808_1,XP_078077448.1,96.800,250,7,1,1,250,1,249,2.03e-176,496,98.40
122450059-122450808_1,XP_080047657.1,95.200,250,0,1,1,250,1,238,1.85e-172,486,95.20
122450059-122450808_1,XP_041053980.1,83.650,263,18,3,1,250,1,251,9.31e-155,441,87.07
122450059-122450808_1,XP_041053979.1,87.452,263,20,2,1,250,1,263,1.02e-152,437,90.87
122450059-122450808_1,XP_038664235.1,82.824,262,23,2,1,250,15,266,8.01e-152,434,85.50
122450059-122450808_1,XP_038664236.1,82.824,262,23,2,1,250,9,260,9.48e-152,434,85.50
122450059-122450808_1,GCB65005.1,82.890,263,22,2,1,250,32,284,1.14e-151,435,85.17
122450059-122450808_1,XP_038664237.1,82.824,262,23,2,1,250,1,252,1.16e-151,434,85.50
122450059-122450808_1,XP_078404024.1,84.411,263,26,3,1,250,1,261,2.97e-148,425,87.07
122450059-122450808_1,XP_067903009.1,85.551,263,15,3,1,250,1,253,4.06e-144,414,88.21
122450059-122450808_1,XP_067903008.1,85.551,263,15,3,1,250,18,270,4.71e-144,415,88.21
122450059-122450808_1,XP_080095090.1,80.859,256,28,4,1,250,1,241,2.16e-141,407,83.59
122450059-122450808_1,XP_048463021.1,81.154,260,31,3,1,250,1,252,1.17e-140,405,84.62
122450059-122450808_1,XP_048463019.1,81.154,260,31,3,1,250,9,260,1.51e-140,405,84.62
122450059-122450808_1,XP_085864616.1,84.030,263,19,3,1,250,1,253,1.59e-140,405,86.69
122450059-122450808_1,XP_070754736.1,85.171,263,21,3,1,250,1,258,9.41e-138,399,87.83
122450059-122450808_1,XP_069770817.1,83.721,258,23,3,1,250,1,247,1.27e-137,398,87.21
122450059-122450808_1,XP_048401100.1,80.769,260,32,3,1,250,12,263,5.39e-137,397,84.62
122450059-122450808_1,XP_048401101.1,80.769,260,32,3,1,250,9,260,6.23e-137,397,84.62
122450059-122450808_1,XP_048401105.1,80.769,260,32,3,1,250,1,252,8.85e-137,396,84.62
122450059-122450808_1,XP_048401099.1,80.769,260,32,3,1,250,15,266,1.09e-136,396,84.62
122450059-122450808_1,XP_078270975.1,81.569,255,29,4,1,250,1,242,1.87e-135,392,84.71
122450059-122450808_1,XP_078270974.1,81.569,255,29,4,1,250,9,250,2.46e-135,392,84.71
122450059-122450808_1,XP_067849630.1,79.699,266,24,3,1,250,1,252,2.34e-133,387,82.71
122450059-122450808_1,XP_062919219.1,81.923,260,28,3,1,250,1,251,3.20e-133,387,85.38
122450059-122450808_1,XP_062919218.1,81.923,260,28,3,1,250,9,259,3.73e-133,387,85.38
122450059-122450808_1,XP_062919217.1,81.923,260,28,3,1,250,31,281,7.76e-133,387,85.38
122450059-122450808_1,XP_059831984.1,83.333,258,29,2,1,250,1,252,8.89e-133,386,87.21
122450059-122450808_1,XP_072903823.1,82.558,258,30,2,1,250,1,251,3.16e-132,384,86.43
122450059-122450808_1,XP_072903822.1,82.558,258,30,2,1,250,9,259,4.68e-132,384,86.43
122450059-122450808_1,XP_060694582.1,78.462,260,36,3,1,250,9,258,1.58e-131,383,83.85
122450059-122450808_1,XP_060694583.1,78.462,260,36,3,1,250,1,250,2.10e-131,382,83.85
122450059-122450808_1,XP_051885314.1,82.558,258,30,2,1,250,1,251,9.24e-131,380,86.43
122450059-122450808_1,XP_072448811.1,78.846,260,35,3,1,250,9,258,9.71e-131,381,83.46
122450059-122450808_1,XP_072448810.1,78.846,260,35,3,1,250,15,264,1.05e-130,381,83.46
122450059-122450808_1,XP_051885313.1,82.558,258,30,2,1,250,31,281,1.49e-130,381,86.43
122450059-122450808_1,XP_072448813.1,78.846,260,35,3,1,250,1,250,1.49e-130,380,83.46
122450059-122450808_1,XP_043561377.1,78.846,260,35,3,1,250,9,258,1.81e-130,380,83.46
122450059-122450808_1,XP_043561375.1,78.846,260,35,3,1,250,15,264,2.03e-130,380,83.46
122450059-122450808_1,XP_043561376.1,78.846,260,35,3,1,250,13,262,2.21e-130,380,83.46
122450059-122450808_1,XP_043561380.1,78.846,260,35,3,1,250,1,250,2.82e-130,379,83.46
122450059-122450808_1,XP_032894526.1,79.070,258,32,4,1,250,1,244,8.18e-128,373,81.78
122450059-122450808_1,XP_055505115.1,78.682,258,33,4,1,250,1,244,1.34e-126,370,81.78
122450059-122450808_1,XP_007885858.1,72.894,273,38,2,1,250,9,268,4.37e-126,369,78.39
122450059-122450808_1,XP_007885859.1,72.894,273,38,2,1,250,1,260,4.63e-126,369,78.39
122450059-122450808_1,AEY99605.1,83.404,235,17,3,25,246,1,226,3.32e-116,343,85.96
122450059-122450808_1,XP_043915601.1,71.042,259,53,4,1,250,1,246,6.53e-116,343,80.69
122450059-122450808_1,XP_043915600.1,71.042,259,53,4,1,250,9,254,7.09e-116,343,80.69
122450059-122450808_1,XP_008944329.1,68.340,259,60,3,1,250,1,246,4.70e-113,335,79.54
122450059-122450808_1,XP_023612142.1,68.340,259,61,3,1,250,9,255,5.05e-113,336,79.92
122450059-122450808_1,XP_023612143.1,68.340,259,61,3,1,250,1,247,5.26e-113,335,79.92
122450059-122450808_1,XP_016061640.1,68.726,259,60,2,1,250,15,261,5.82e-113,336,77.99
122450059-122450808_1,KAN7624419.1,67.954,259,62,2,1,250,1,247,6.00e-113,335,78.38
122450059-122450808_1,KAN7435488.1,68.340,259,61,3,1,250,9,255,6.29e-113,335,79.54
122450059-122450808_1,KAN7435489.1,68.340,259,61,3,1,250,1,247,6.40e-113,335,79.54
122450059-122450808_1,NXW56609.1,67.954,259,61,3,1,250,1,246,6.75e-113,335,79.54
122450059-122450808_1,KAN3744189.1,67.954,259,62,3,1,250,1,247,6.84e-113,335,79.54
122450059-122450808_1,XP_081010739.1,68.726,259,60,2,1,250,9,255,6.94e-113,335,77.99
122450059-122450808_1,XP_016061642.1,68.726,259,60,2,1,250,1,247,7.07e-113,335,77.99
122450059-122450808_1,KAN7624421.1,67.954,259,62,2,1,250,9,255,7.17e-113,335,78.38
122450059-122450808_1,NXM80058.1,68.340,259,60,3,1,250,1,246,7.37e-113,335,79.15
122450059-122450808_1,XP_008147173.1,68.340,259,61,3,1,250,1,247,8.33e-113,335,79.54
122450059-122450808_1,XP_080955702.1,68.340,259,61,3,1,250,9,255,8.73e-113,335,79.54
122450059-122450808_1,XP_036181585.1,68.340,259,61,3,1,250,12,258,9.90e-113,335,79.92
122450059-122450808_1,KAN7435487.1,68.340,259,61,3,1,250,12,258,1.00e-112,335,79.54
122450059-122450808_1,NXY78052.1,67.954,259,61,3,1,250,1,246,1.06e-112,335,79.92
122450059-122450808_1,KAN7624418.1,67.954,259,62,2,1,250,12,258,1.18e-112,335,78.38
122450059-122450808_1,XP_013814753.1,67.568,259,62,3,1,250,1,246,1.27e-112,335,79.92
122450059-122450808_1,XP_025928881.1,67.568,259,62,3,1,250,9,254,1.37e-112,335,79.92
122450059-122450808_1,XP_009677743.1,67.954,259,61,3,1,250,9,254,1.47e-112,335,79.92
122450059-122450808_1,XP_008147169.1,68.340,259,61,3,1,250,12,258,1.48e-112,335,79.54
122450059-122450808_1,NXW44816.1,67.568,259,62,3,1,250,1,246,1.57e-112,334,79.54
122450059-122450808_1,NWJ05625.1,67.568,259,62,2,1,250,1,246,1.57e-112,334,78.38
122450059-122450808_1,XP_080955698.1,68.340,259,61,3,1,250,15,261,1.80e-112,335,79.54
122450059-122450808_1,XP_006754012.1,67.954,259,62,3,1,250,1,247,1.83e-112,334,79.92
122450059-122450808_1,XP_006754011.1,67.954,259,62,3,1,250,9,255,1.92e-112,334,79.92
122450059-122450808_1,XP_009677744.1,67.954,259,61,3,1,250,1,246,1.93e-112,334,79.92
122450059-122450808_1,XP_056349857.1,67.954,259,61,3,1,250,9,254,2.00e-112,334,78.76
122450059-122450808_1,XP_077617546.1,67.954,259,62,3,1,250,1,247,2.09e-112,334,79.92
122450059-122450808_1,XP_079645114.1,68.340,259,61,3,1,250,12,258,2.15e-112,334,79.54
122450059-122450808_1,KAK1335861.1,68.340,259,61,3,1,250,15,261,2.19e-112,334,79.54
122450059-122450808_1,XP_079058186.1,67.568,259,62,3,1,250,1,246,2.25e-112,334,79.92
122450059-122450808_1,ELK37557.1,67.954,259,62,3,1,250,8,254,2.36e-112,334,79.92
122450059-122450808_1,XP_036114601.1,67.954,259,62,3,1,250,9,255,2.47e-112,334,79.54
122450059-122450808_1,XP_036114602.1,67.954,259,62,3,1,250,1,247,2.52e-112,334,79.54
122450059-122450808_1,XP_029813012.1,67.954,259,62,3,1,250,9,255,2.55e-112,334,79.92
122450059-122450808_1,XP_056349856.1,67.954,259,61,3,1,250,1,246,2.59e-112,333,78.76
122450059-122450808_1,NWX69029.1,67.568,259,62,3,1,250,1,246,2.59e-112,333,79.54
122450059-122450808_1,XP_070282723.1,68.340,259,61,3,1,250,44,290,2.61e-112,335,79.92
122450059-122450808_1,KAM6134129.1,67.568,259,62,3,1,250,18,263,2.73e-112,334,79.92
122450059-122450808_1,XP_029813013.1,67.954,259,62,3,1,250,1,247,2.78e-112,333,79.92
122450059-122450808_1,KAM7084753.1,67.954,259,62,3,1,250,13,259,2.81e-112,334,79.54
122450059-122450808_1,NWW50917.1,67.568,259,62,3,1,250,1,246,2.93e-112,333,79.54
122450059-122450808_1,XP_006111570.1,67.568,259,62,3,1,250,1,246,2.96e-112,333,79.15
122450059-122450808_1,XP_010017325.1,67.568,259,62,3,1,250,1,246,3.13e-112,333,79.54
122450059-122450808_1,XP_009959930.1,67.568,259,62,3,1,250,1,246,3.27e-112,333,79.54
122450059-122450808_1,XP_015718943.1,67.568,259,62,3,1,250,1,246,3.34e-112,333,79.92
122450059-122450808_1,XP_067388146.1,67.568,259,62,3,1,250,1,246,3.37e-112,333,79.15


